img_name,caption,genre
667626_18933d713e.jpg,<start>Sun-kissed and carefree in the ocean waves feeling all the good vibes<end>,fun
667626_18933d713e.jpg,<start>Just another day living my best life by the water in my favorite bikini<end>,fun
667626_18933d713e.jpg,<start>Dreaming of endless summer days with sand between my toes and the sound of the sea in my ears<end>,fun
667626_18933d713e.jpg,<start>Salt in the air sand in my hair and a bikini on - the perfect beach trifecta for a chill day under the sun<end>,fun
667626_18933d713e.jpg,<start>Channeling all the chill vibes while soaking up the sun and salty water - life is better at the beach<end>,fun
667626_18933d713e.jpg,<start>Soaking up the sun and ocean vibes<end>,happy
667626_18933d713e.jpg,<start>Living the mermaid life in paradise<end>,happy
667626_18933d713e.jpg,"<start>Chilling in the crystal clear waters,pure bliss in a bikini<end>",happy
667626_18933d713e.jpg,<start>Embracing the saltwater serenity feeling those good vibes rolling in<end>,happy
667626_18933d713e.jpg,<start>Lounging and loving life by the sea just me and the waves<end>,happy
667626_18933d713e.jpg,<start>Sun-kissed bliss<end>,relaxed
667626_18933d713e.jpg,<start>Soaking up some Vitamin Sea<end>,relaxed
667626_18933d713e.jpg,<start>Chillin' like a beach villain<end>,relaxed
667626_18933d713e.jpg,<start>Living in a bikini state of mind<end>,relaxed
667626_18933d713e.jpg,"<start>Sun, sand and good vibes only<end>",relaxed
3637013_c675de7705.jpg,<start>Enjoying a serene moment by the pond<end>,blog
3637013_c675de7705.jpg,<start>Basking in the tranquility of nature<end>,blog
3637013_c675de7705.jpg,<start>Love blossoming by the water's edge<end>,blog
3637013_c675de7705.jpg,<start>Finding peace together in the park<end>,blog
3637013_c675de7705.jpg,<start>Serene moments by the pond with my love watching the ripples dance under the soft glow of the setting sun<end>,romantic
3637013_c675de7705.jpg,<start>Lost in each other's gaze surrounded by the tranquility of the park pond<end>,romantic
3637013_c675de7705.jpg,<start>a place where our souls connect hearts intertwine and love blossoms like the lilies at our feet<end>,romantic
3637013_c675de7705.jpg,<start>we stand hand in hand soaking in the beauty of the pond's reflection mirroring our love<end>,romantic
3637013_c675de7705.jpg,<start>A couple's blissful retreat in the midst of nature.<end>,blog
3637013_c675de7705.jpg,<start>A perfect day a perfect moment with the one who holds my heart<end>,romantic
10815824_2997e03d76.jpg,<start>Embracing the wild spirit together<end>,adventurous
10815824_2997e03d76.jpg,<start>In the heart of nature<end>,adventurous
10815824_2997e03d76.jpg,<start>Amidst the rugged wilderness<end>,adventurous
10815824_2997e03d76.jpg,<start>In the company of flames and hoofbeats<end>,adventurous
10815824_2997e03d76.jpg,<start>Two souls connected by the call of the wild<end>,adventurous
10815824_2997e03d76.jpg,<start>Enjoying a cozy evening by the fire pit with my trusty steed<end>,happy
10815824_2997e03d76.jpg,<start>Embracing the warmth of the fire next to my four-legged companion<end>,happy
10815824_2997e03d76.jpg,<start>Moments like these make life truly special - sharing stories by the fire with my beautiful horse<end>,happy
10815824_2997e03d76.jpg,<start>Connection by the flames - horse and human united in the dance of warmth and friendship<end>,happy
10815824_2997e03d76.jpg,<start>The crackling firethe gentle horse and a heart full of gratitude for the simple joys that warm the soul<end>,happy
10815824_2997e03d76.jpg,<start>Enjoying a cozy evening by the fire pit with my trusty companion<end>,excited
10815824_2997e03d76.jpg,<start>Bonfire bonding with this majestic beauty right by my side<end>,excited
10815824_2997e03d76.jpg,<start>A perfect night spent fireside with my four-legged friend under the starlit sky<end>,excited
10815824_2997e03d76.jpg,<start>Chilling by the flames with my horse sharing stories and savoring the warmth together<end>,excited
10815824_2997e03d76.jpg,<start>Finding solace and warmth in the company of my horse creating memories that will last a lifetime<end>,excited
12830823_87d2654e31.jpg,<start>Exploring the unknown<end>,professional
12830823_87d2654e31.jpg,<start>When the possibilities are endless<end>,professional
12830823_87d2654e31.jpg,<start>Get lost in the mesmerizing world of undefined - where the imagination knows no bounds<end>,professional
12830823_87d2654e31.jpg,<start>Dare to dream beyond the limits of reality and step into the realm of undefined magic<end>,professional
12830823_87d2654e31.jpg,<start>In the realm of undefined<end>,professional
12830823_87d2654e31.jpg,<start>Curious gazes drift across the glass captivated by the elegant dance of underwater secrets<end>,mysterious
12830823_87d2654e31.jpg,<start>Synchronized swimmers in a liquid world observed by silent spectators with unspoken wonder<end>,mysterious
12830823_87d2654e31.jpg,<start>Through the looking glass a mesmerizing realm unfolds,mysterious
12830823_87d2654e31.jpg,<start>At the threshold of discovery the audience is spellbound by the silent ballet of aquatic existence<end>,mysterious
12830823_87d2654e31.jpg,<start>Enigmatic and enshrouded,mysterious
12830823_87d2654e31.jpg,<start>Mesmerized by the underwater world<end>,blog
12830823_87d2654e31.jpg,<start>Captivated by the colorful marine life<end>,blog
12830823_87d2654e31.jpg,<start>Fascinated faces at the aquarium<end>,blog
12830823_87d2654e31.jpg,<start>Enthralled by the beauty beneath the surface<end>,blog
12830823_87d2654e31.jpg,<start>A moment of wonder among the fish<end>,blog
17273391_55cfc7d3d4.jpg,<start>Enjoying a peaceful moment by the lake<end>,relaxed
17273391_55cfc7d3d4.jpg,<start>Taking a break under the shade of a majestic tree<end>,relaxed
17273391_55cfc7d3d4.jpg,<start>Embracing the serenity of the great outdoors<end>,relaxed
17273391_55cfc7d3d4.jpg,<start>Breathing in the fresh air while standing under a towering tree<end>,relaxed
17273391_55cfc7d3d4.jpg,<start>Pausing to appreciate the simple pleasures of life - a quiet moment under a tree<end>,relaxed
17273391_55cfc7d3d4.jpg,<start>Serene moments by the lake<end>,inspirational
17273391_55cfc7d3d4.jpg,<start>A moment of tranquility captured under the tree's protective embrace<end>,inspirational
17273391_55cfc7d3d4.jpg,<start>A man stands contemplative in perfect harmony with the beauty that surrounds him<end>,inspirational
17273391_55cfc7d3d4.jpg,<start>Finding solace under the wise old tree<end>,inspirational
17273391_55cfc7d3d4.jpg,<start>Beneath the canopy of leaves by the glistening lake,inspirational
17273391_55cfc7d3d4.jpg,<start>Enjoying tranquil moments by the lakeside<end>,blog
17273391_55cfc7d3d4.jpg,<start>Finding solace under nature's shade<end>,blog
17273391_55cfc7d3d4.jpg,<start>Contemplating life's mysteries by the water<end>,blog
17273391_55cfc7d3d4.jpg,<start>Embracing serenity under the tree's branches<end>,blog
17273391_55cfc7d3d4.jpg,<start>Connecting with the peaceful surroundings of the lake<end>,blog
56494233_1824005879.jpg,<start>Embracing the serene beauty of nature from the summit of this snow-covered peak<end>,adventurous
56494233_1824005879.jpg,<start>Breathing in the crisp mountain air while gazing at the endless expanse of snow-capped peaks in the distance<end> ,adventurous
56494233_1824005879.jpg,<start>Standing tall amidst the majestic snow-covered mountains<end>,adventurous
56494233_1824005879.jpg,<start>At the pinnacle of adventure<end>,adventurous
56494233_1824005879.jpg,<start>Conquering the frosty heights<end>,adventurous
56494233_1824005879.jpg,<start>Picture-perfect moment at the summit of a snowy mountain feeling on top of the world<end>,excited
56494233_1824005879.jpg,<start>Breathing in the crisp mountain air conquering the peak with a view that leaves you speechless<end>,excited
56494233_1824005879.jpg,<start>Standing tall amongst the snow-capped peaks embracing the solitude of the majestic mountains<end>,excited
56494233_1824005879.jpg,<start>Above the clouds overlooking a winter wonderland from the summit ï¿½ truly a sight to behold<end>,excited
56494233_1824005879.jpg,<start>Living life on the edge finding peace and serenity at the top of the snow-covered mountain<end>,excited
56494233_1824005879.jpg,<start>Braving the elements at the peak of tranquility<end>,professional
56494233_1824005879.jpg,<start>Embracing the solitude of the snowy summit<end>,professional
56494233_1824005879.jpg,<start>Taking in the majestic views from the lofty heights above<end>,professional
56494233_1824005879.jpg,<start>Standing tall amidst the pristine white landscape<end>,professional
56494233_1824005879.jpg,<start>Conquering the frozen heights finding peace in nature's grandeur<end>,professional
19212715_20476497a3.jpg,<start>Gliding through the serene blue waters in a peaceful kayak ride - the perfect way to unwind and connect with nature<end>,adventurous
19212715_20476497a3.jpg,<start>Paddling off into the horizon<end>,adventurous
19212715_20476497a3.jpg,<start>Embracing the freedom and calming solitude-An outdoor adventure worth every moment<end>,adventurous
19212715_20476497a3.jpg,<start>The gentle sound of water lapping against the kayak<end>,adventurous
19212715_20476497a3.jpg,<start>a serene experience that rejuvenates both body and soul<end>,adventurous
19212715_20476497a3.jpg,<start>Gliding through the calm waves feeling the ocean's embrace with every stroke<end>,inspirational
19212715_20476497a3.jpg,<start>Seize the day by embarking on an adventure where the horizon meets the sea paddling towards endless possibilities<end>,inspirational
19212715_20476497a3.jpg,<start>Connecting with nature's beauty the rhythmic sound of paddles cutting through the water echoes serenity<end>,inspirational
19212715_20476497a3.jpg,<start>Embrace the vast expanse of the ocean<end>,inspirational
19212715_20476497a3.jpg,<start>Let the gentle tides carry you towards tranquility<end>,inspirational
96399948_b86c61bfe6.jpg,<start>Exploring the unknown<end>,fun
96399948_b86c61bfe6.jpg,<start>When the possibilities are endless<end>,fun
96399948_b86c61bfe6.jpg,<start>Get lost in the mesmerizing world of undefined - where the imagination knows no bounds<end>,fun
96399948_b86c61bfe6.jpg,<start>Dare to dream beyond the limits of reality and step into the realm of undefined magic<end>,fun
96399948_b86c61bfe6.jpg,<start>In the realm of undefined<end>,fun
96399948_b86c61bfe6.jpg,<start>Enjoying a break with friends by the giant ball<end>,happy
96399948_b86c61bfe6.jpg,<start>Just a couple of guys having a blast posing next to our favorite inflatable buddy<end>,happy
96399948_b86c61bfe6.jpg,<start>Smiling faces and good vibes with these two dudes hanging out with the huge ball <end>,happy
96399948_b86c61bfe6.jpg,<start>Laughing off our worries with the help of a giant inflatable ball and great company<end>,happy
96399948_b86c61bfe6.jpg,<start>Making memories and creating unforgettable moments with buddies and a massive inflatable ball<end>,happy
96399948_b86c61bfe6.jpg,<start>The two friends posing with a giant inflatable ball<end>,blog
96399948_b86c61bfe6.jpg,<start>Fun times with a massive inflatable ball<end>,blog
96399948_b86c61bfe6.jpg,<start>Two guys having a blast with a huge ball<end>,blog
96399948_b86c61bfe6.jpg,<start>Playful moment captured with an oversized inflatable ball<end>,blog
96399948_b86c61bfe6.jpg,<start>Standing tall next to an impressive inflatable sphere<end>,blog
101654506_8eb26cfb60.jpg,<start>Enjoying a winter wonderland with my fluffy companion<end>,fun
101654506_8eb26cfb60.jpg,<start>Frolicking through freshly fallen snow with my four-legged friend<end>,fun
101654506_8eb26cfb60.jpg,<start>Snowy escapades with my loyal snow buddy<end>,fun
101654506_8eb26cfb60.jpg,<start>Racing through the snow-covered fields with my white furball nothing beats this snowy bliss<end>,fun
101654506_8eb26cfb60.jpg,<start>Embracing the icy magic of the season<end>,fun
101654506_8eb26cfb60.jpg,<start>Joyful pup frolicking in the winter wonderland<end>,blog
101654506_8eb26cfb60.jpg,<start>Playful white dog dashing through snowflakes<end>,blog
101654506_8eb26cfb60.jpg,<start>Snowy escapade: white dog racing across the snow<end>,blog
101654506_8eb26cfb60.jpg,<start>Fluffy companion enjoying a snowy sprint<end>,blog
101654506_8eb26cfb60.jpg,<start>White fur against the white snow: a delightful sight<end>,blog
101654506_8eb26cfb60.jpg,<start>Playful pup enjoying a snowy adventure<end>,excited
101654506_8eb26cfb60.jpg,<start>Catch me if you can! Furry friend darting through a magical snowy landscape<end>,excited
101654506_8eb26cfb60.jpg,<start>Pure joy: A fluffy white dog frolicking in the freshly fallen snow leaving paw prints of happiness behind<end>,excited
101654506_8eb26cfb60.jpg,<start>Zooming through the snow like a fluffy snowball with legs! This energetic pup is living its best winter life<end>,excited
101654506_8eb26cfb60.jpg,<start>Snowy escapades with this lively white canine; watching them run in the winter wonderland is pure bliss<end>,excited
106490881_5a2dd9b7bd.jpg,<start>Feeling the salty breeze and warm sun on my skin<end> ,excited
106490881_5a2dd9b7bd.jpg,<start>Arms wide open ready to take on the adventures that await at the beach<end>,excited
106490881_5a2dd9b7bd.jpg,<start>the world feels vast and full of endless possibilities at the beach<end>,excited
106490881_5a2dd9b7bd.jpg,<start>Beach-bound bliss: where every wave brings a new sense of wonder and excitement<end>,excited
106490881_5a2dd9b7bd.jpg,<start>Embracing the freedom of the ocean waves<end>,excited
106490881_5a2dd9b7bd.jpg,<start>Feeling the warm embrace of the sun and the salty breeze on the beach<end>,happy
106490881_5a2dd9b7bd.jpg,<start>Embracing the freedom of the ocean with open arms and a joyful heart<end>,happy
106490881_5a2dd9b7bd.jpg,<start>Letting go of worries and soaking in the beauty of the seaside with a carefree spirit<end>,happy
106490881_5a2dd9b7bd.jpg,<start>Reaching out to the vast horizon with pure joy and gratitude<end>,happy
106490881_5a2dd9b7bd.jpg,<start>Capturing a moment of pure bliss by spreading positivity and happiness<end>,happy
106490881_5a2dd9b7bd.jpg,<start>Feeling the freedom that comes with being unlimited - Let the waves guide you<end>,fun
106490881_5a2dd9b7bd.jpg,<start>Embracing the open air and limitless horizon ahead<end>,fun
106490881_5a2dd9b7bd.jpg,<start>ready to conquer the world one wave at a time<end>,fun
106490881_5a2dd9b7bd.jpg,<start>the possibilities are as endless as the ocean itself<end>,fun
106490881_5a2dd9b7bd.jpg,<start>Shouting out to the ocean capturing the moment of pure bliss and joy<end>,fun
